<manifest alg="2" build="2018.1.1.386" opt="true" iceEnabled="true" iceMarkupVersion="2" iceEnabledOptions="link,responsive,cachebuster,textStyling" exportTarget="other" domain="www.cybermissions.org/infosec" resolutions="1x" timestamp="1694801848666">
  <folder name="css">
    <file name="site_global.css" crc="444006867"/>
    <file name="index.css" crc="4141331764" ref="index"/>
  </folder>
  <folder name="scripts">
    <file name="jquery-1.8.3.min.js" crc="209076791" ref="index"/>
    <file name="museutils.js" crc="3939489907" ref="index"/>
    <file name="whatinput.js" crc="86476730" ref="index"/>
    <file name="museconfig.js" crc="128606099" ref="index"/>
    <file name="jquery.watch.js" crc="522499760" ref="index"/>
    <file name="require.js" crc="4177726516" ref="index"/>
  </folder>
  <folder name="images">
    <file name="deathtostock_wired3.jpg" crc="7041349" seo="true" ref="index">
      <caption webpage="index" alt=""/>
    </file>
  </folder>
  <file name="index.html" crc="432961539" seo="true" mt="1694801830927" redirect="true"/>
</manifest>